{
  "metrics": {
    "accuracy": 0.878,
    "precision": 0.7335766423357665,
    "recall": 0.804,
    "f1_score": 0.767175572519084,
    "auc_roc": 0.941468
  },
  "feature_importances": {
    "usage_change_30d": 0.17321698367595673,
    "payment_failures_90d": 0.16049328446388245,
    "support_tickets": 0.10739685595035553,
    "nps_score": 0.09104316681623459,
    "days_since_login": 0.08938822150230408,
    "contract_age_months": 0.08269056677818298,
    "complaints_count": 0.06926984339952469,
    "late_payments_count": 0.0565834604203701,
    "plan_price": 0.037043213844299316,
    "avg_monthly_usage_gb": 0.029387835413217545,
    "billing_cycle_monthly": 0.028421493247151375,
    "avg_speed_mbps": 0.02659747749567032,
    "session_count_30d": 0.02600313350558281,
    "account_type_business": 0.022464601323008537
  },
  "cv_scores": {
    "accuracy": {
      "mean": 0.8795,
      "std": 0.00922496612459902,
      "scores": [
        0.88,
        0.882,
        0.8905,
        0.8825,
        0.8625
      ]
    },
    "precision": {
      "mean": 0.7337033419192907,
      "std": 0.023810477496464845,
      "scores": [
        0.7425373134328358,
        0.7365591397849462,
        0.7587476979742173,
        0.7422303473491774,
        0.6884422110552764
      ]
    },
    "recall": {
      "mean": 0.8151999999999999,
      "std": 0.010476640682966998,
      "scores": [
        0.796,
        0.822,
        0.824,
        0.812,
        0.822
      ]
    },
    "f1": {
      "mean": 0.7720343310111571,
      "std": 0.01334131911194354,
      "scores": [
        0.7683397683397684,
        0.776937618147448,
        0.7900287631831256,
        0.775549188156638,
        0.7493163172288059
      ]
    },
    "roc_auc": {
      "mean": 0.9438746666666666,
      "std": 0.004906162437859895,
      "scores": [
        0.9400573333333333,
        0.9440506666666667,
        0.9529853333333335,
        0.9431133333333332,
        0.9391666666666666
      ]
    }
  }
}